,Apelido,Nome Jogador,Rodada 1,Rodada 2,Rodada 3,Rodada 4,Rodada 5,Rodada 6,Rodada 7,Rodada 8,Rodada 9,Rodada 10,Rodada 11,Rodada 12,Rodada 13,Rodada 14,Rodada 15,Rodada 16,Rodada 17,Rodada 18,Rodada 19,Rodada 20,Rodada 21,Rodada 22,Rodada 23,Rodada 24,Rodada 25,Rodada 26,Rodada 27,Rodada 28,Rodada 29,Rodada 30,Rodada 31,Rodada 32,Rodada 33,Rodada 34,Rodada 35,Rodada 36,Rodada 37,Rodada 38
0,Willian Popp,Willian Popp,,,,,,,,,,,,,,,,,,,,,,,,,Ceara,,,,,,,,,,,,,
1,Tiago,Tiago dos Santos Alves,,,,,,,,,,,,,,,,,,,,,,,,,Ceara,,,,,,,,,,,,,
2,Felipe,Felipe de Oliveira Silva,,,,,,,,,,,,,,,,,,,,,,,,,Ceara,,,,,,,,,,,,,
3,Mateus Goncalves,Mateus Concalves Martins,,,,,,,,,,,,,,,,,,,,,,,,,Ceara,,,,,,,,,,,,,
4,Thiago Galhardo,Thiago Galhardo do Nascimento Rocha,,,,,,,,,,,,,Ceara,,,,,,,,,,,,Ceara,,,,,,,,,,,,,
5,Felippe Cardoso,Wanderson Felippe Cardoso dos Santos,,,,,,,,,,,,,Ceara,,,,,,,,,,,,,,,,,,,,,,,,,
6,Diogo Silva,Diogo José Gonçalves da Silva,Ceara,,,,,,,,,,,,Ceara,,,,,,,,,,,,Ceara,,,,,,,,,,,,,
7,Lima,Vinicius Moreira de Lima,,,,,,,,,,,,,Ceara,,,,,,,,,,,,,,,,,,,,,,,,,
8,Leandro,Leandro Carvalho da Silva,Ceara,,,,,,,,,,,,Ceara,,,,,,,,,,,,,,,,,,,,,,,,,
9,Valdo,Andrevaldo de Jesus Santos,,,,,,,,,,,,,Ceara,,,,,,,,,,,,,,,,,,,,,,,,,
10,Joao Lucas,Joao Lucas Cardoso,,,,,,,,,,,,,Ceara,,,,,,,,,,,,Ceara,,,,,,,,,,,,,
11,Luiz,Luiz Otávio Anacleto Leandro,Ceara,,,,,,,,,,,,Ceara,,,,,,,,,,,,Ceara,,,,,,,,,,,,,
12,Samuel,Samuel Xavier Brito,Ceara,,,,,,,,,,,,Ceara,,,,,,,,,,,,Ceara,,,,,,,,,,,,,
13,Ricardinho,Ricardo Dias Acosta,Ceara,,,,,,,,,,,,Ceara,,,,,,,,,,,,Ceara,,,,,,,,,,,,,
14,Fabinho,Fabio Goncalves,Ceara,,,,,,,,,,,,Ceara,,,,,,,,,,,,Ceara,,,,,,,,,,,,,
15,Jackson,Jackson de Souza,,,,,,,,,,,,,,,,,,,,,,,,,Fortaleza,,,,,,,,,,,,,
16,Luis,Luis Antonio Ferreira Rodrigues,,,,,,,,,,,,,,,,,,,,,,,,,Fortaleza,,,,,,,,,,,,,
17,Gabriel ,Gabriel Dias de Oliveira,,,,,,,,,,,,,,,,,,,,,,,,,Fortaleza,,,,,,,,,,,,,
18,Paulao,Paulo Marcos de Jesus Ribeiro,,,,,,,,,,,,,,,,,,,,,,,,,Fortaleza,,,,,,,,,,,,,
19,Marcelo Boeck,Marcelo Boeck,,,,,,,,,,,,,,,,,,,,,,,,,Fortaleza,,,,,,,,,,,,,
20,Felipe,Felipe Alves Raymundo,Fortaleza,,,,,,,,,,,,Fortaleza,,,,,,,,,,,,,,,,,,,,,,,,,
21,Osvaldo,Osvaldo Lourenco Filho,Fortaleza,,,,,,,,,,,,Fortaleza,,,,,,,,,,,,Fortaleza,,,,,,,,,,,,,
22,Carlinho,Carlos Emiliano Pereira,Fortaleza,,,,,,,,,,,,Fortaleza,,,,,,,,,,,,Fortaleza,,,,,,,,,,,,,
23,Guilherme,Guilherme de Jesus da Silva,Fortaleza,,,,,,,,,,,,Fortaleza,,,,,,,,,,,,,,,,,,,,,,,,,
24,Andre Luis,André Luís da Costa Alfredo,,,,,,,,,,,,,Fortaleza,,,,,,,,,,,,Fortaleza,,,,,,,,,,,,,
25,Roger,Roger de Carvalho,Fortaleza,,,,,,,,,,,,Fortaleza,,,,,,,,,,,,,,,,,,,,,,,,,
26,Juninho,Paulo Roberto Valoura Junior,,,,,,,,,,,,,Fortaleza,,,,,,,,,,,,Fortaleza,,,,,,,,,,,,,
27,Wellington Paulista,Wellington Pereira do Nascimento,Fortaleza,,,,,,,,,,,,Fortaleza,,,,,,,,,,,,Fortaleza,,,,,,,,,,,,,
28,Luis,Luiz Antonio Ferreira Rodrigues,,,,,,,,,,,,,Fortaleza,,,,,,,,,,,,,,,,,,,,,,,,,
29,Juan Quintero,Juan Sebastián Quintero Fletcher,Fortaleza,,,,,,,,,,,,Fortaleza,,,,,,,,,,,,,,,,,,,,,,,,,
30,Romarinho,José Romário Silva de Souza,,,,,,,,,,,,,Fortaleza,,,,,,,,,,,,,,,,,,,,,,,,,
31,Hernanes,Anderson Hernanes de Carvalho Viana Lima,,,,,,,,,,,,,,,,,,,,,,,,,Sao Paulo,,,,,,,,,,,,,
32,Igor ,Igor Matheus Liziero Pereira,,,,,,,,,,,,,,,,,,,,,,,,,Sao Paulo,,,,,,,,,,,,,
33,Luan Silva,Luan Vinicius da Silva Santos,,,,,,,,,,,,,,,,,,,,,,,,,Sao Paulo,,,,,,,,,,,,,
34,Vitor Bueno,Vitor Frezarin Bueno,,,,,,,,,,,,,,,,,,,,,,,,,Sao Paulo,,,,,,,,,,,,,
35,Tiago Volpi,Tiago Luis Volpi,Sao Paulo,,,,,,,,,,,,,,,,,,,,,,,,Sao Paulo,,,,,,,,,,,,,
36,Igor,Igor Vinicius de Souza,Sao Paulo,,,,,,,,,,,,,,,,,,,,,,,,Sao Paulo,,,,,,,,,,,,,
37,Bruno Alves,Bruno Fabiano Alves,Sao Paulo,,,,,,,,,,,,,,,,,,,,,,,,Sao Paulo,,,,,,,,,,,,,
38,Arboleda,Robert Abel Arboleda,Sao Paulo,,,,,,,,,,,,,,,,,,,,,,,,Sao Paulo,,,,,,,,,,,,,
39,Reinaldo,Reinaldo Manoel da Silva,Sao Paulo,,,,,,,,,,,,,,,,,,,,,,,,Sao Paulo,,,,,,,,,,,,,
40,Alexandre,Alexandre Rodrigues,Sao Paulo,,,,,,,,,,,,,,,,,,,,,,,,Sao Paulo,,,,,,,,,,,,,
41,Everton,Everton Cardoso da Silva,Sao Paulo,,,,,,,,,,,,,,,,,,,,,,,,,,,,,,,,,,,,,
42,Hudson,Hudson Rodrigues dos Santos,Sao Paulo,,,,,,,,,,,,,,,,,,,,,,,,,,,,,,,,,,,,,
43,Igor,Igor Silveira Gomes,Sao Paulo,,,,,,,,,,,,,,,,,,,,,,,,,,,,,,,,,,,,,
44,Tche Tche,Danilo das Neves Pinheiro,Sao Paulo,,,,,,,,,,,,,,,,,,,,,,,,Sao Paulo,,,,,,,,,,,,,
45,Antony,Antony Matheus dos Santos,Sao Paulo,,,,,,,,,,,,,,,,,,,,,,,,,,,,,,,,,,,,,
46,Vinicius,Vinicius Rodolfo de Souza Oliveira,,,,,,,,,,,,,,,,,,,,,,,,,Botafogo,,,,,,,,,,,,,
47,Leo Valencia,Leonardo Felipe Valencia Rossel,,,,,,,,,,,,,,,,,,,,,,,,,Botafogo,,,,,,,,,,,,,
48,Alan Santos,Alan Santos da Silva,,,,,,,,,,,,,,,,,,,,,,,,,Botafogo,,,,,,,,,,,,,
49,Fernando,Fernando Peixoto Costanza,,,,,,,,,,,,,,,,,,,,,,,,,Botafogo,,,,,,,,,,,,,
50,Luiz Fernando,Luiz Fernando Moraes dos Santos,,,,,,,,,,,,,Botafogo,,,,,,,,,,,,Botafogo,,,,,,,,,,,,,
51,Gilson,Gilson Gomes do Nascimento,,,,,,,,,,,,,Botafogo,,,,,,,,,,,,Botafogo,,,,,,,,,,,,,
52,Diego Cavalieri,Diego Cavalieri,,,,,,,,,,,,,,,,,,,,,,,,,Botafogo,,,,,,,,,,,,,
53,Gatito Fernandez,Roberto Junior Fernandez,Botafogo,,,,,,,,,,,,Botafogo,,,,,,,,,,,,,,,,,,,,,,,,,
54,Gabriel Costa,Gabriel Costa Franca,Botafogo,,,,,,,,,,,,Botafogo,,,,,,,,,,,,Botafogo,,,,,,,,,,,,,
55,Carli,Mauro Joel Carli,Botafogo,,,,,,,,,,,,,,,,,,,,,,,,Botafogo,,,,,,,,,,,,,
56,Marcio,Marcio Almeida de Oliveira,Botafogo,,,,,,,,,,,,,,,,,,,,,,,,,,,,,,,,,,,,,
57,Gustavo,Gustavo Costa da Silva,Botafogo,,,,,,,,,,,,,,,,,,,,,,,,Botafogo,,,,,,,,,,,,,
58,Jonathan,Jonathan Silva Vieira,Botafogo,,,,,,,,,,,,,,,,,,,,,,,,,,,,,,,,,,,,,
59,Wenderson,Wenderson da Silva Costa Ferreira,Botafogo,,,,,,,,,,,,,,,,,,,,,,,,,,,,,,,,,,,,,
60,Cicero,Cicero Santos,Botafogo,,,,,,,,,,,,Botafogo,,,,,,,,,,,,,,,,,,,,,,,,,
61,Pimpao,Rodrigo Pimpao Vianna,Botafogo,,,,,,,,,,,,Botafogo,,,,,,,,,,,,,,,,,,,,,,,,,
62,Joao Paulo,Joao Paulo Mior,Botafogo,,,,,,,,,,,,Botafogo,,,,,,,,,,,,Botafogo,,,,,,,,,,,,,
63,Erik,Erik Nascimento de Lima,Botafogo,,,,,,,,,,,,,,,,,,,,,,,,,,,,,,,,,,,,,
64,Nene,Anderson Luis de Carvalho,,,,,,,,,,,,,,,,,,,,,,,,,Fluminense,,,,,,,,,,,,,
65,Joao Pedro,Joao Pedro Junqueira de Jesus,,,,,,,,,,,,,,,,,,,,,,,,,Fluminense,,,,,,,,,,,,,
66,Orinho,Edilsom Borba de Aquino,,,,,,,,,,,,,,,,,,,,,,,,,Fluminense,,,,,,,,,,,,,
67,Wellington Nem,Wellington Silva Sanches Aguiar,,,,,,,,,,,,,,,,,,,,,,,,,Fluminense,,,,,,,,,,,,,
68,Airton,Airton Ribeiro Santos,Fluminense,,,,,,,,,,,,,,,,,,,,,,,,Fluminense,,,,,,,,,,,,,
69,Gilberto,Gilberto Moraes Junior,Fluminense,,,,,,,,,,,,,,,,,,,,,,,,Fluminense,,,,,,,,,,,,,
70,Muriel,Muriel Gustavo Becker,,,,,,,,,,,,,Fluminense,,,,,,,,,,,,Fluminense,,,,,,,,,,,,,
71,Marcos Paulo,Marcos Paulo Costa do Nascimento,,,,,,,,,,,,,Fluminense,,,,,,,,,,,,,,,,,,,,,,,,,
72,Allan,Allan Rodrigues de Souza,Fluminense,,,,,,,,,,,,Fluminense,,,,,,,,,,,,,,,,,,,,,,,,,
73,Yony Gonzalez,Yony Alexander González Copete,Fluminense,,,,,,,,,,,,Fluminense,,,,,,,,,,,,Fluminense,,,,,,,,,,,,,
74,Nino,Marcilio Florencio Mota Filho,Fluminense,,,,,,,,,,,,Fluminense,,,,,,,,,,,,Fluminense,,,,,,,,,,,,,
75,Daniel,Daniel Sampaio Simoes,,,,,,,,,,,,,Fluminense,,,,,,,,,,,,Fluminense,,,,,,,,,,,,,
76,Caio Henrique,Caio Henrique Oliveira Silva,Fluminense,,,,,,,,,,,,Fluminense,,,,,,,,,,,,,,,,,,,,,,,,,
77,Igor Juliao,Igor de Carvalho Juliao,,,,,,,,,,,,,Fluminense,,,,,,,,,,,,,,,,,,,,,,,,,
78,Pedro,Pedro Guilherme Abreu dos Santos,,,,,,,,,,,,,Fluminense,,,,,,,,,,,,,,,,,,,,,,,,,
79,Digao,Rodrigo Junior Paula Silva,,,,,,,,,,,,,Fluminense,,,,,,,,,,,,Fluminense,,,,,,,,,,,,,
80,PH Ganso,Paulo Henrique de Chagas Lima,,,,,,,,,,,,,Fluminense,,,,,,,,,,,,,,,,,,,,,,,,,
81,Patrick,Patrick Bezerra do Nascimento,,,,,,,,,,,,,,,,,,,,,,,,,Internacional,,,,,,,,,,,,,
82,G. Parede,Guilherme Parede Pinheiro,,,,,,,,,,,,,,,,,,,,,,,,,Internacional,,,,,,,,,,,,,
83,Heitor Rodrigues,Heitor Rodrigues da Fonseca,,,,,,,,,,,,,,,,,,,,,,,,,Internacional,,,,,,,,,,,,,
84,Victor Cuesta,Victor Leandro Cuesta,,,,,,,,,,,,,,,,,,,,,,,,,Internacional,,,,,,,,,,,,,
85,Dalessandro,Andres Nicolas Dalessandro,,,,,,,,,,,,,,,,,,,,,,,,,Internacional,,,,,,,,,,,,,
86,Edenilson,Edenilson Andrade dos Santos,,,,,,,,,,,,,,,,,,,,,,,,,Internacional,,,,,,,,,,,,,
87,Nico Lopez,Nicolas Frederico Lopez Alonso,,,,,,,,,,,,,,,,,,,,,,,,,Internacional,,,,,,,,,,,,,
88,Marcelo Lomba,Marcelo Lomba do Nascimento,Internacional,,,,,,,,,,,,Internacional,,,,,,,,,,,,Internacional,,,,,,,,,,,,,
89,Rafael Sobis,Rafael Augusto Sobis,,,,,,,,,,,,,Internacional,,,,,,,,,,,,,,,,,,,,,,,,,
90,Bruno Fuchs,Bruno de Lara Fuchs,,,,,,,,,,,,,Internacional,,,,,,,,,,,,,,,,,,,,,,,,,
91,Klaus,William Klaus,,,,,,,,,,,,,Internacional,,,,,,,,,,,,,,,,,,,,,,,,,
92,Gabriel,José Gabriel dos Santos Silva,,,,,,,,,,,,,Internacional,,,,,,,,,,,,,,,,,,,,,,,,,
93,Nonato,Gustavo Nonato Santana,Internacional,,,,,,,,,,,,Internacional,,,,,,,,,,,,,,,,,,,,,,,,,
94,Natanael,Natanael Batista Pimenta,,,,,,,,,,,,,Internacional,,,,,,,,,,,,,,,,,,,,,,,,,
95,Wellington SIlva,Wellington Alves da Silva,,,,,,,,,,,,,Internacional,,,,,,,,,,,,,,,,,,,,,,,,,
96,Rithely,Francisco Rithely da Silva Sousa,,,,,,,,,,,,,Internacional,,,,,,,,,,,,,,,,,,,,,,,,,
97,Santiago,Santiago Trellez Vivero,,,,,,,,,,,,,Internacional,,,,,,,,,,,,,,,,,,,,,,,,,
98,Zeca,Jose Carlos Cracco Neto,Internacional,,,,,,,,,,,,Internacional,,,,,,,,,,,,,,,,,,,,,,,,,
99,Talison Goncalves,Talison Pinto Goncalves,,,,,,,,,,,,,,,,,,,,,,,,,Santos,,,,,,,,,,,,,
100,Evandro,Evandro Goebel,,,,,,,,,,,,,,,,,,,,,,,,,Santos,,,,,,,,,,,,,
101,Luan Peres,Luan Peres Petroni,,,,,,,,,,,,,,,,,,,,,,,,,Santos,,,,,,,,,,,,,
102,Marinho,Mario Sergio Santos Costa,,,,,,,,,,,,,,,,,,,,,,,,,Santos,,,,,,,,,,,,,
103,Everson,Éverson Felipe Marques Pires,,,,,,,,,,,,,Santos,,,,,,,,,,,,Santos,,,,,,,,,,,,,
104,Gustavo,Gustavo Henrique Vernes,Santos,,,,,,,,,,,,Santos,,,,,,,,,,,,Santos,,,,,,,,,,,,,
105,Victor Ferraz,Victor Ferraz Macedo,Santos,,,,,,,,,,,,Santos,,,,,,,,,,,,Santos,,,,,,,,,,,,,
106,Yeferson Soteldo,Yeferson Julio Soteldo Martínez,Santos,,,,,,,,,,,,Santos,,,,,,,,,,,,,,,,,,,,,,,,,
107,Carlos Sanchez,Carlos Andrés Sánchez Arcosa,,,,,,,,,,,,,Santos,,,,,,,,,,,,,,,,,,,,,,,,,
108,Derlis Gonzalez,Derlis Alberto González Galeano,Santos,,,,,,,,,,,,Santos,,,,,,,,,,,,,,,,,,,,,,,,,
109,Felipe,Felipe Jonatan Rocha Andrade,Santos,,,,,,,,,,,,Santos,,,,,,,,,,,,,,,,,,,,,,,,,
110,Lucas Verissimo,Lucas Verissimo da Silva,Santos,,,,,,,,,,,,Santos,,,,,,,,,,,,Santos,,,,,,,,,,,,,
111,Jorge,Jorge Marco de Oliveira Moraes,,,,,,,,,,,,,Santos,,,,,,,,,,,,Santos,,,,,,,,,,,,,
112,Diego,Diego Cristiano Evaristo,Santos,,,,,,,,,,,,Santos,,,,,,,,,,,,Santos,,,,,,,,,,,,,
113,Eduardo Sasha,Eduardo Colcenti Antunes,Santos,,,,,,,,,,,,Santos,,,,,,,,,,,,Santos,,,,,,,,,,,,,
114,Tadeu,Tadeu Antonio Ferreira,Goias,,,,,,,,,,,,Goias,,,,,,,,,,,,Goias,Goias,Goias,,,,,,,,,,,
115,Michael,Michael Richard Delgado de Oliveira,Goias,,,,,,,,,,,,Goias,,,,,,,,,,,,Goias,Goias,,,,,,,,,,,,
116,Leandro Barcia,Leandro Barcia Montero,Goias,,,,,,,,,,,,Goias,,,,,,,,,,,,Goias,Goias,,,,,,,,,,,,
117,Jefferson Junio,efferson Junio ​​Antonio da Silva,Goias,,,,,,,,,,,,Goias,,,,,,,,,,,,Goias,Goias,Goias,,,,,,,,,,,
118,Rafinha,Rafael Diniz Alves e Silva,,,,,,,,,,,,,,,,,,,,,,,,,,,Goias,,,,,,,,,,,
119,Kaio Nunes,Kaio Nunes Ferreira,,,,,,,,,,,,,,,,,,,,,,,,,,,Goias,,,,,,,,,,,
120,Rafael Papagaio,Rafael Elias da Silva,,,,,,,,,,,,,,,,,,,,,,,,,,,Goias,,,,,,,,,,,
121,Rafael Vaz,Rafael Vaz dos Santos,,,,,,,,,,,,,Goias,,,,,,,,,,,,Goias,Goias,Goias,,,,,,,,,,,
122,Kevin,Kevin Peterson dos Santos Silva,Goias,,,,,,,,,,,,Goias,,,,,,,,,,,,,,,,,,,,,,,,,
123,Geovane,Geovane Batista de Faria,Goias,,,,,,,,,,,,Goias,,,,,,,,,,,,,,Goias,,,,,,,,,,,
124,Leo Sena,Leonardo de Souza Sena,Goias,,,,,,,,,,,,Goias,,,,,,,,,,,,,Goias,Goias,,,,,,,,,,,
125,Kayke,Kayke Moreno de Andrade Rodrigues,Goias,,,,,,,,,,,,Goias,,,,,,,,,,,,,,,,,,,,,,,,,
126,Yago,Yago Fernando da Silva,Goias,,,,,,,,,,,,Goias,,,,,,,,,,,,,,,,,,,,,,,,,
127,Marlone,Jonathan Marlone Azevedo da Silva,,,,,,,,,,,,,Goias,,,,,,,,,,,,,,,,,,,,,,,,,
128,Yago Felipe,Yago Felipe da Costa Rocha,,,,,,,,,,,,,,,,,,,,,,,,,Goias,Goias,Goias,,,,,,,,,,,
129,Rafael Moura,Rafael Martiniano de Miranda Moura,,,,,,,,,,,,,,,,,,,,,,,,,Goias,Goias,,,,,,,,,,,,
130,Fabio Sanches,Fabio Pizarro Sanches,,,,,,,,,,,,,,,,,,,,,,,,,Goias,Goias,Goias,,,,,,,,,,,
131,Gilberto Jr.,Gilberto dos Santos Souza Junior,,,,,,,,,,,,,,,,,,,,,,,,,Goias,Goias,,,,,,,,,,,,
132,Yago,Yago da Silva Rocha,,,,,,,,,,,,,,,,,,,,,,,,,Goias,Goias,Goias,,,,,,,,,,,
133,Thalles,Thalles Gabriel Morais dos Reis,,,,,,,,,,,,,,,,,,,,,,,,,Goias,,,,,,,,,,,,,
134,Marquinhos,Jose Marcos Costa Martins,,,,,,,,,,,,,,,,,,,,,,,,,Atletico,,,,,,,,,,,,,
135,Di Santo,Franco Matias Di Santo,,,,,,,,,,,,,,,,,,,,,,,,,Atletico,,,,,,,,,,,,,
136,Nathan,Nathan Allan de Souza,,,,,,,,,,,,,,,,,,,,,,,,,Atletico,,,,,,,,,,,,,
137,Carlos Gabriel,Carlos Gabriel Moreira de Oliveira,,,,,,,,,,,,,,,,,,,,,,,,,Atletico,,,,,,,,,,,,,
138,Igor,Igor Rabello da Costa,,,,,,,,,,,,,,,,,,,,,,,,,Atletico,,,,,,,,,,,,,
139,Cazares,Juan Ramon Cazares Sevillano,,,,,,,,,,,,,,,,,,,,,,,,,Atletico,,,,,,,,,,,,,
140,Rever,Rever Humberto Alves Araujo,,,,,,,,,,,,,,,,,,,,,,,,,Atletico,,,,,,,,,,,,,
141,Patric,Patric Cabral Lalau,,,,,,,,,,,,,,,,,,,,,,,,,Atletico,,,,,,,,,,,,,
142,Wilson,Wilson Rodrigues de Moura Junior,,,,,,,,,,,,,,,,,,,,,,,,,Atletico,,,,,,,,,,,,,
143,Victor,Victor Leandro Bagy,Atletico,,,,,,,,,,,,,,,,,,,,,,,,,,,,,,,,,,,,,
144,Leo Silva,Leonardo Fabiano da Silva,Atletico,,,,,,,,,,,,,,,,,,,,,,,,,,,,,,,,,,,,,
145,Fabio Santos,Fabio Santos Romeu,Atletico,,,,,,,,,,,,,,,,,,,,,,,,,,,,,,,,,,,,,
146,Elias,Elias Mendes Trindade,Atletico,,,,,,,,,,,,,,,,,,,,,,,,Atletico,,,,,,,,,,,,,
147,Chará,Yimmi Javier Chara Zamora,Atletico,,,,,,,,,,,,,,,,,,,,,,,,,,,,,,,,,,,,,
148,Ricardo Oliveira,Ricardo de Oliveira,Atletico,,,,,,,,,,,,,,,,,,,,,,,,,,,,,,,,,,,,,
149,Iago,Iago Justen Maidana,Atletico,,,,,,,,,,,,,,,,,,,,,,,,,,,,,,,,,,,,,
150,Adilson,Adilson Warken,Atletico,,,,,,,,,,,,,,,,,,,,,,,,,,,,,,,,,,,,,
151,Luan,Luan Madson Gedeao,Atletico,,,,,,,,,,,,,,,,,,,,,,,,Atletico,,,,,,,,,,,,,
152,Gigio,Geuvanio Santos Silva,Atletico,,,,,,,,,,,,,,,,,,,,,,,,,,,,,,,,,,,,,
153,Claudio,Claudio Rodrigues Gomes,Atletico,,,,,,,,,,,,,,,,,,,,,,,,,,,,,,,,,,,,,
154,Wesley,Wesley Soares Xavier,,,,,,,,,,,,,,,,,,,,,,,,,Avai,,,,,,,,,,,,,
155,Lourenco,Joao Paulo Ferreira Lourenco,,,,,,,,,,,,,Avai,,,,,,,,,,,,Avai,,,,,,,,,,,,,
156,Caio Paulista,Caio Fernando de Oliveira,,,,,,,,,,,,,,,,,,,,,,,,,Avai,,,,,,,,,,,,,
157,Vinicius Araujo,Vinicius Vasconcelos Araujo,,,,,,,,,,,,,,,,,,,,,,,,,Avai,,,,,,,,,,,,,
158,Richard,Richard Dario Franco Escobar,,,,,,,,,,,,,Avai,,,,,,,,,,,,Avai,,,,,,,,,,,,,
159,Igor,Igor Fernandes da Silva Araujo,,,,,,,,,,,,,Avai,,,,,,,,,,,,Avai,,,,,,,,,,,,,
160,Ricardo,Ricardo Thalheimer,,,,,,,,,,,,,,,,,,,,,,,,,Avai,,,,,,,,,,,,,
161,Igor,Igor Leandro Goularte do Nascimento,,,,,,,,,,,,,,,,,,,,,,,,,Avai,,,,,,,,,,,,,
162,Vladimir,Vladimir Orlando Cardoso de Araújo Filho,Avai,,,,,,,,,,,,Avai,,,,,,,,,,,,Avai,,,,,,,,,,,,,
163,Betão,Ebert Willian Amancio,Avai,,,,,,,,,,,,Avai,,,,,,,,,,,,Avai,,,,,,,,,,,,,
164,Jonny Mosquera,Jonny Ferney Mosquera Mena,Avai,,,,,,,,,,,,,,,,,,,,,,,,,,,,,,,,,,,,,
165,Paulinho,Paulo Oliveira de Souza Junior,Avai,,,,,,,,,,,,,,,,,,,,,,,,,,,,,,,,,,,,,
166,Pedro Castro,Pedro Henrique de Castro,Avai,,,,,,,,,,,,Avai,,,,,,,,,,,,,,,,,,,,,,,,,
167,João Paulo,Joao Paulo da Silva Alves,Avai,,,,,,,,,,,,Avai,,,,,,,,,,,,,,,,,,,,,,,,,
168,Gêge,Geirton Marques Aires,Avai,,,,,,,,,,,,,,,,,,,,,,,,,,,,,,,,,,,,,
169,Iury,Iury de Oliveira Nascimento,Avai,,,,,,,,,,,,,,,,,,,,,,,,,,,,,,,,,,,,,
170,Marquinhos,Marcos Roberto da Silva Barbosa,Avai,,,,,,,,,,,,Avai,,,,,,,,,,,,,,,,,,,,,,,,,
171,Matheus Barbosa,Matheus Barbosa Teixeira,Avai,,,,,,,,,,,,,,,,,,,,,,,,Avai,,,,,,,,,,,,,
172,Getulio,Getulio Wandelly Silva Timóteo,Avai,,,,,,,,,,,,,,,,,,,,,,,,,,,,,,,,,,,,,
173,Bruno,Bruno Vieira do Nascimento,Internacional,,,,,,,,,,,,,,,,,,,,,,,,,,,,,,,,,,,,,
174,Uendel,Uendel Pereira Goncalves,Internacional,,,,,,,,,,,,,,,,,,,,,,,,,,,,,,,,,,,,,
175,Neilton,Neilton Meira Mestzk,Internacional,,,,,,,,,,,,,,,,,,,,,,,,,,,,,,,,,,,,,
176,Rodrigo,Rodrigo Oliveira Lindoso,Internacional,,,,,,,,,,,,,,,,,,,,,,,,Internacional,,,,,,,,,,,,,
177,Emerson,Emerson Raymundo Santos,Internacional,,,,,,,,,,,,,,,,,,,,,,,,,,,,,,,,,,,,,
178,Camilo,Fernando Camilo Farias,Internacional,,,,,,,,,,,,,,,,,,,,,,,,Chapecoense,,Chapecoense,,,,,,,,,,,
179,Rafael Sobis,Rafael Augusto Sobis,Internacional,,,,,,,,,,,,,,,,,,,,,,,,,,,,,,,,,,,,,
180,Roberto,Roberto Pinheiro da Rosa,Internacional,,,,,,,,,,,,,,,,,,,,,,,,Internacional,,,,,,,,,,,,,
181,William,William de Oliveira Pottker,Internacional,,,,,,,,,,,,,,,,,,,,,,,,,,,,,,,,,,,,,
182,Tiepo,Giovanni Silva Tiepo,Chapecoense,,,,,,,,,,,,,,,,,,,,,,,,,,,,,,,,,,,,,
183,Vinicius,Vinicius Farias Locatelli,,,,,,,,,,,,,,,,,,,,,,,,,Chapecoense,,,,,,,,,,,,,
184,Bryan,Bryan Borges Mascarenhas,,,,,,,,,,,,,,,,,,,,,,,,,Chapecoense,,,,,,,,,,,,,
185,Joao Ricardo,Joao Ricardo Riedi,,,,,,,,,,,,,,,,,,,,,,,,,Chapecoense,,Chapecoense,,,,,,,,,,,
186,Rafael,Rafael Pereira dos Santos,,,,,,,,,,,,,,,,,,,,,,,,,Chapecoense,,Chapecoense,,,,,,,,,,,
187,Elicarlos,Elicarlos Souza Santos,,,,,,,,,,,,,,,,,,,,,,,,,Chapecoense,,Chapecoense,,,,,,,,,,,
188,Roberto,Roberto Heuchayer Santos de Araujo,,,,,,,,,,,,,,,,,,,,,,,,,Chapecoense,,Chapecoense,,,,,,,,,,,
189,H. Almeida,Henrique Almeida Caixeta Nascentes,,,,,,,,,,,,,,,,,,,,,,,,,Chapecoense,,Chapecoense,,,,,,,,,,,
190,Eduardo,Carlos Eduardo Santos,Chapecoense,,,,,,,,,,,,,,,,,,,,,,,,,,Chapecoense,,,,,,,,,,,
191,Gum,Wellington Pereira Rodrigues,Chapecoense,,,,,,,,,,,,,,,,,,,,,,,,,,,,,,,,,,,,,
192,Bruno Pacheco,Bruno de Jesus Pacheco,Chapecoense,,,,,,,,,,,,,,,,,,,,,,,,Chapecoense,,Chapecoense,,,,,,,,,,,
193,Marcio Araujo,Marcio Rodrigues Araujo,Chapecoense,,,,,,,,,,,,,,,,,,,,,,,,,,Chapecoense,,,,,,,,,,,
194,Gustavo,Gustavo Campanharo,Chapecoense,,,,,,,,,,,,,,,,,,,,,,,,,,,,,,,,,,,,,
195,Diego Torres,Diego Fabian Torres,Chapecoense,,,,,,,,,,,,,,,,,,,,,,,,,,,,,,,,,,,,,
196,Douglas,Douglas Silva Bacelar,Chapecoense,,,,,,,,,,,,,,,,,,,,,,,,Chapecoense,,Chapecoense,,,,,,,,,,,
197,Alan Ruschel,Alan Luciano Ruschel,Chapecoense,,,,,,,,,,,,,,,,,,,,,,,,,,,,,,,,,,,,,
198,Everaldo,Everaldo Stum,Chapecoense,,,,,,,,,,,,,,,,,,,,,,,,,,Chapecoense,,,,,,,,,,,
199,Regis,Regis Tosatti Giacomin,Chapecoense,,,,,,,,,,,,,,,,,,,,,,,,Chapecoense,,,,,,,,,,,,,
200,Cassio,Cassio Ramos,Corinthians,,,,,,,,,,,,,,,,,,,,,,,,Corinthians,Corinthians,,,,,,,,,,,,
201,Carlos,Carlos Augusto Zopolato Neves,Corinthians,,,,,,,,,,,,,,,,,,,,,,,,,Corinthians,,,,,,,,,,,,
202,Sornoza,Junior Nazareno Sornoza Moreira,Corinthians,,,,,,,,,,,,,,,,,,,,,,,,,Corinthians,,,,,,,,,,,,
203,Bruno Mendez,Bruno Mendez Cittadini,,,,,,,,,,,,,,,,,,,,,,,,,,Corinthians,,,,,,,,,,,,
204,Ralf,Ralf de Souza Teles,Corinthians,,,,,,,,,,,,,,,,,,,,,,,,,Corinthians,,,,,,,,,,,,
205,Gustavo,Gustavo Henrique da Silva Sousa,,,,,,,,,,,,,,,,,,,,,,,,,,Corinthians,,,,,,,,,,,,
206,Janderson,Janderson Santos de Souza,,,,,,,,,,,,,,,,,,,,,,,,,,Corinthians,,,,,,,,,,,,
207,Pedro,Pedro Victor Delmino da Silva,Corinthians,,,,,,,,,,,,,,,,,,,,,,,,,Corinthians,,,,,,,,,,,,
208,Manoel,Manoel Messias Silva Carvalho,Corinthians,,,,,,,,,,,,,,,,,,,,,,,,Corinthians,,,,,,,,,,,,,
209,Gabriel,Gabriel Girotto Franco,,,,,,,,,,,,,,,,,,,,,,,,,Corinthians,,,,,,,,,,,,,
210,Vagner Love,Vagner Silva de Souza,,,,,,,,,,,,,,,,,,,,,,,,,Corinthians,,,,,,,,,,,,,
211,Boselli,Mauro Boselli,Corinthians,,,,,,,,,,,,,,,,,,,,,,,,Corinthians,,,,,,,,,,,,,
212,Matheus Sousa,Matheus Sousa de Jesus,,,,,,,,,,,,,,,,,,,,,,,,,Corinthians,,,,,,,,,,,,,
213,Mateus,Mateus da Silva Vita Assumpcao,,,,,,,,,,,,,,,,,,,,,,,,,Corinthians,Corinthians,,,,,,,,,,,,
214,Fagner,Fagner Conserva Lemos,Corinthians,,,,,,,,,,,,,,,,,,,,,,,,Corinthians,Corinthians,,,,,,,,,,,,
215,Clayson,Clayson Henrique da Silva Vieira,Corinthians,,,,,,,,,,,,,,,,,,,,,,,,Corinthians,,,,,,,,,,,,,
216,Gil,Carlos Gilberto do Nascimento Silva,,,,,,,,,,,,,,,,,,,,,,,,,Corinthians,Corinthians,,,,,,,,,,,,
217,Danilo,Danilo Fernando Avelar,,,,,,,,,,,,,,,,,,,,,,,,,Corinthians,,,,,,,,,,,,,
218,Leo Vieira,Leonardo da Silva Vieira,,,,,,,,,,,,,,,,,,,,,,,,,Athletico Paranaense,,,,,,,,,,,,,
219,Lucho Gonzalez,Luis Oscar Gonzalez,,,,,,,,,,,,,,,,,,,,,,,,,Athletico Paranaense,,,,,,,,,,,,,
220,Leo Pereira,Leonardo Pereira,Athletico Paranaense,,,,,,,,,,,,,,,,,,,,,,,,Athletico Paranaense,,,,,,,,,,,,,
221,Wellington,Wellington Aparecido Martins,,,,,,,,,,,,,,,,,,,,,,,,,Athletico Paranaense,,,,,,,,,,,,,
222,Marcio Azevedo,Marcio Gonzaga de Azevedo,,,,,,,,,,,,,,,,,,,,,,,,,Athletico Paranaense,,,,,,,,,,,,,
223,Rony,Ronielson da Silva Barbosa,Athletico Paranaense,,,,,,,,,,,,,,,,,,,,,,,,Athletico Paranaense,,,,,,,,,,,,,
224,Marcelo Cirino,Marcelo Cirino da Silva,,,,,,,,,,,,,,,,,,,,,,,,,Athletico Paranaense,,,,,,,,,,,,,
225,Cittadini,Leonardo Cittadini,,,,,,,,,,,,,,,,,,,,,,,,,Athletico Paranaense,,,,,,,,,,,,,
226,Madson,Madson Ferreira dos Santos,,,,,,,,,,,,,,,,,,,,,,,,,Athletico Paranaense,,,,,,,,,,,,,
227,Thonny Anderson,Thonny Anderson da Silva Carvalho,,,,,,,,,,,,,,,,,,,,,,,,,Athletico Paranaense,,,,,,,,,,,,,
228,Thiago Heleno,Thiago Heleno Henrique Ferreira,Athletico Paranaense,,,,,,,,,,,,,,,,,,,,,,,,Athletico Paranaense,,,,,,,,,,,,,
229,Diego Alves,Diego Alves Carreira,,,,,,,,,,,,,Flamengo,,,,,,,,,,,,Flamengo,,,,,,,,,,,,,
230,Pablo Mari,Pablo Mari Villar,,,,,,,,,,,,,Flamengo,,,,,,,,,,,,Flamengo,,,,,,,,,,,,,
231,Willian Arao,Willian Souza Arao da Silva,,,,,,,,,,,,,Flamengo,,,,,,,,,,,,Flamengo,,,,,,,,,,,,,
232,Rene,Rene Rodrigues Martins,,,,,,,,,,,,,,,,,,,,,,,,,Flamengo,,,,,,,,,,,,,
233,Everton Ribeiro,Everton Augusto de Barros Ribeiro,,,,,,,,,,,,,Flamengo,,,,,,,,,,,,Flamengo,,,,,,,,,,,,,
234,Gerson,Gerson Santos da Silva,,,,,,,,,,,,,Flamengo,,,,,,,,,,,,Flamengo,,,,,,,,,,,,,
235,Vitinho,Victor Vinicius Coelho dos Santos,,,,,,,,,,,,,,,,,,,,,,,,,Flamengo,,,,,,,,,,,,,
236,Rafinha,Marcio Rafael Ferreira de Souza,,,,,,,,,,,,,Flamengo,,,,,,,,,,,,Flamengo,,,,,,,,,,,,,
237,Lucas,Lucas da Silva de Jesus,,,,,,,,,,,,,,,,,,,,,,,,,Flamengo,,,,,,,,,,,,,
238,Bruno,Bruno Henrique Pinto,,,,,,,,,,,,,Flamengo,,,,,,,,,,,,Flamengo,,,,,,,,,,,,,
239,Rhodolfo,Luiz Rhodolfo Dini Gaioto,,,,,,,,,,,,,,,,,,,,,,,,,Flamengo,,,,,,,,,,,,,
240,Fabricio Bruno,Fabricio Bruno Soares de Faria,,,,,,,,,,,,,,,,,,,,,,,,,Cruzeiro,,,,,,,,,,,,,
241,Ederson,Ederson Jose dos Santos Lourenco da Silva,,,,,,,,,,,,,,,,,,,,,,,,,Cruzeiro,,,,,,,,,,,,,
242,David,David Correia da Fonseca,,,,,,,,,,,,,,,,,,,,,,,,,Cruzeiro,,,,,,,,,,,,,
243,Thiago Neves,Thiago Neves Augusto,,,,,,,,,,,,,,,,,,,,,,,,,Cruzeiro,,,,,,,,,,,,,
244,Egidio,Egidio de Araujo Pereira Junior,,,,,,,,,,,,,,,,,,,,,,,,,Cruzeiro,,,,,,,,,,,,,
245,Fabio,Fabio Deivson Lopes Maciel,Cruzeiro,,,,,,,,,,,,,,,,,,,,,,,,Cruzeiro,,,,,,,,,,,,,
246,Edilson,Edilson Mendes Guimaraes,Cruzeiro,,,,,,,,,,,,,,,,,,,,,,,,Cruzeiro,,,,,,,,,,,,,
247,Murilo,Murilo Cerqueira Paim,Cruzeiro,,,,,,,,,,,,,,,,,,,,,,,,,,,,,,,,,,,,,
248,Henrique,Henrique Pacheco de Lima,Cruzeiro,,,,,,,,,,,,,,,,,,,,,,,,Cruzeiro,,,,,,,,,,,,,
249,Fred,Frederico Chaves Guedes,Cruzeiro,,,,,,,,,,,,,,,,,,,,,,,,Cruzeiro,,,,,,,,,,,,,
250,Dodo,Jose Rodolfo Pires Ribeiro,Cruzeiro,,,,,,,,,,,,,,,,,,,,,,,,,,,,,,,,,,,,,
251,Marquinhos Gabriel,Marcos Gabriel do Nascimento,Cruzeiro,,,,,,,,,,,,,,,,,,,,,,,,Cruzeiro,,,,,,,,,,,,,
252,Rodriguinho,Rodrigo Eduardo Costa Marinho,Cruzeiro,,,,,,,,,,,,,,,,,,,,,,,,,,,,,,,,,,,,,
253,Dedé,Anderson Vital da Silva,Cruzeiro,,,,,,,,,,,,,,,,,,,,,,,,Cruzeiro,,,,,,,,,,,,,
254,Lucas Romero,Lucas Daniel Romero,Cruzeiro,,,,,,,,,,,,,,,,,,,,,,,,,,,,,,,,,,,,,
255,Pedro Rocha,Pedro Rocha Neves,Cruzeiro,,,,,,,,,,,,,,,,,,,,,,,,,,,,,,,,,,,,,
256,Fernando Prass,Fernando Buttenbender Prass,,,,,,,,,,,,,,,,,,,,,,,,,Palmeiras,,,,,,,,,,,,,
257,Marcos Rocha,Marcos Luis Rocha Aquino,Palmeiras,,,,,,,,,,,,,,,,,,,,,,,,Palmeiras,,,,,,,,,,,,,
258,Vitor Hugo,Vitor Hugo Franchescoli de Souza,,,,,,,,,,,,,,,,,,,,,,,,,Palmeiras,,,,,,,,,,,,,
259,Thiago Santos,Thiago dos Santos,,,,,,,,,,,,,,,,,,,,,,,,,Palmeiras,,,,,,,,,,,,,
260,Diogo,Diogo Barbosa Mendanha,Palmeiras,,,,,,,,,,,,,,,,,,,,,,,,Palmeiras,,,,,,,,,,,,,
261,Dudu,Eduardo Pereira Rodrigues,Palmeiras,,,,,,,,,,,,,,,,,,,,,,,,Palmeiras,,,,,,,,,,,,,
262,Ze Rafael,Jose Rafael Vivian,,,,,,,,,,,,,,,,,,,,,,,,,Palmeiras,,,,,,,,,,,,,
263,Luan Garcia,Luan Garcia Teixeira,Palmeiras,,,,,,,,,,,,,,,,,,,,,,,,Palmeiras,,,,,,,,,,,,,
264,Gustavo Scarpa,Gustavo Henrique Furtado Scarpa,Palmeiras,,,,,,,,,,,,,,,,,,,,,,,,Palmeiras,,,,,,,,,,,,,
265,Deyverson,Deyverson Brum Silva,Palmeiras,,,,,,,,,,,,,,,,,,,,,,,,Palmeiras,,,,,,,,,,,,,
266,Bruno,Bruno Henrique Corsini,Palmeiras,,,,,,,,,,,,,,,,,,,,,,,,Palmeiras,,,,,,,,,,,,,
267,Douglas,Douglas Alan Schuck Friedrich,,,,,,,,,,,,,,,,,,,,,,,,,Bahia,,,,,,,,,,,,,
268,Flavio,Flavio Medeiros da Silva,,,,,,,,,,,,,,,,,,,,,,,,,Bahia,,,,,,,,,,,,,
269,Elber,Jose Elber Pimentel da Silva,,,,,,,,,,,,,,,,,,,,,,,,,Bahia,,,,,,,,,,,,,
270,GIlberto,Gilberto Oliveira Souza Junior,,,,,,,,,,,,,,,,,,,,,,,,,Bahia,,,,,,,,,,,,,
271,Ronaldo,Ronaldo da Silva Souza,,,,,,,,,,,,,,,,,,,,,,,,,Bahia,,,,,,,,,,,,,
272,Guerra,Alejandro Abraham Guerra Morales,,,,,,,,,,,,,,,,,,,,,,,,,Bahia,,,,,,,,,,,,,
273,Joao Pedro,Joao Pedro Maturano dos Santos,,,,,,,,,,,,,,,,,,,,,,,,,Bahia,,,,,,,,,,,,,
274,Giovanni,Giovanni Palmieri dos Santos,,,,,,,,,,,,,,,,,,,,,,,,,Bahia,,,,,,,,,,,,,
275,Gregore,Gregore de Magalhaes da Silva,,,,,,,,,,,,,,,,,,,,,,,,,Bahia,,,,,,,,,,,,,
276,Lucas Fonseca,Lucas Silva Fonseca,,,,,,,,,,,,,,,,,,,,,,,,,Bahia,,,,,,,,,,,,,
277,Juninho,Jose Carlos Ferreira Junior,,,,,,,,,,,,,,,,,,,,,,,,,Bahia,,,,,,,,,,,,,
278,Fernando Miguel,Fernando Miguel Kaufmann,,,,,,,,,,,,,,,,,,,,,,,,,Vasco,,,,,,,,,,,,,
279,Henriquez,Oswaldo Jose Henriquez Bocanegra,,,,,,,,,,,,,,,,,,,,,,,,,Vasco,,,,,,,,,,,,,
280,Leandro,Leandro Castan da Silva,,,,,,,,,,,,,,,,,,,,,,,,,Vasco,,,,,,,,,,,,,
281,Rossi,Rosicley Pereira da Silva,,,,,,,,,,,,,,,,,,,,,,,,,Vasco,,,,,,,,,,,,,
282,Lucas Ribamar,Lucas Ribamar Lopes dos Santos Bibiano,,,,,,,,,,,,,,,,,,,,,,,,,Vasco,,,,,,,,,,,,,
283,Andrey,Andrey Ramos do Nascimento,,,,,,,,,,,,,,,,,,,,,,,,,Vasco,,,,,,,,,,,,,
284,Yago,Glaybson Yago Souza Lisboa,Vasco,,,,,,,,,,,,,,,,,,,,,,,,Vasco,,,,,,,,,,,,,
285,Richard,Richard Candido Coelho,,,,,,,,,,,,,,,,,,,,,,,,,Vasco,,,,,,,,,,,,,
286,Henrique,Henrique Silva Milagres,,,,,,,,,,,,,,,,,,,,,,,,,Vasco,,,,,,,,,,,,,
287,Marrony,Marrony da Silva Liberato,Vasco,,,,,,,,,,,,,,,,,,,,,,,,Vasco,,,,,,,,,,,,,
288,Talles Magno,Talles Magno Bacelar Martins,,,,,,,,,,,,,,,,,,,,,,,,,Vasco,,,,,,,,,,,,,
289,Jordi,Jordi Martins Almeida,,,,,,,,,,,,,,,,,,,,,,,,,Csa,,,,,,,,,,,,,
290,Luciano Castan,Luciano Castan da Silva,,,,,,,,,,,,,,,,,,,,,,,,,Csa,,,,,,,,,,,,,
291,Naldo,Marinaldo dos Santos Oliveira,,,,,,,,,,,,,,,,,,,,,,,,,Csa,,,,,,,,,,,,,
292,Carlinhos,Carlos Andrade Souza,,,,,,,,,,,,,,,,,,,,,,,,,Csa,,,,,,,,,,,,,
293,Jean Cleber,Jean Cleber Santos da Silva,,,,,,,,,,,,,,,,,,,,,,,,,Csa,,,,,,,,,,,,,
294,Ronaldo,Ronaldo Luiz Alves,,,,,,,,,,,,,,,,,,,,,,,,,Csa,,,,,,,,,,,,,
295,Hector,Hector Ariel Bustamante Lopez,,,,,,,,,,,,,,,,,,,,,,,,,Csa,,,,,,,,,,,,,
296,Celsinho,Celsonil Santos de Macedo Junior,,,,,,,,,,,,,,,,,,,,,,,,,Csa,,,,,,,,,,,,,
297,Bruno Alves,Bruno Alves de Souza,,,,,,,,,,,,,,,,,,,,,,,,,Csa,,,,,,,,,,,,,
298,Jonatan Gomez,Jonatan David Gomez,,,,,,,,,,,,,,,,,,,,,,,,,Csa,,,,,,,,,,,,,
299,Alecsandro,Alecsandro Barbosa Felisbino,,,,,,,,,,,,,,,,,,,,,,,,,Csa,,,,,,,,,,,,,
300,Cesar,Cesar Bernardo Dutra,Flamengo,,,,,,,,,,,,,,,,,,,,,,,,,,,,,,,,,,,,,
301,Rodrigo Caio,Rodrigo Caio Coquette Russo,Flamengo,,,,,,,,,,,,,,,,,,,,,,,,,,,,,,,,,,,,,
302,Cuellar,Gustavo Leonardo Cuellar Galego,Flamengo,,,,,,,,,,,,,,,,,,,,,,,,,,,,,,,,,,,,,
303,Gabriel B.,Gabriel Barbosa Almeida,Flamengo,,,,,,,,,,,,,,,,,,,,,,,,,,,,,,,,,,,,,
304,De Arrascaeta,Giorgian Daniel de Arrascaeta,Flamengo,,,,,,,,,,,,Flamengo,,,,,,,,,,,,,,,,,,,,,,,,,
305,Pará,Marcos Rogério Ricci Lopes,Flamengo,,,,,,,,,,,,,,,,,,,,,,,,,,,,,,,,,,,,,
306,Leonardo,Leonardo Campos Duarte Da Silva,Flamengo,,,,,,,,,,,,,,,,,,,,,,,,,,,,,,,,,,,,,
307,Michel,Michel Ferreira dos Santos,,,,,,,,,,,,,,,,,,,,,,,,,Gremio,,,,,,,,,,,,,
308,Paulo Victor,Paulo Victor Mileo Vidotti,Grêmio,,,,,,,,,,,,,,,,,,,,,,,,Gremio,,,,,,,,,,,,,
309,Geromel,Pedro Tonon Geromel,Grêmio,,,,,,,,,,,,,,,,,,,,,,,,Gremio,,,,,,,,,,,,,
310,Kannemann,Walter Kannemann,Grêmio,,,,,,,,,,,,,,,,,,,,,,,,,,,,,,,,,,,,,
311,Leonardo,Leonardo Gomes da Conceição Silva,Grêmio,,,,,,,,,,,,,,,,,,,,,,,,,,,,,,,,,,,,,
312,Maicon,Maicon Thiago Pereira de Souza,Grêmio,,,,,,,,,,,,,,,,,,,,,,,,Gremio,,,,,,,,,,,,,
313,Everton,Everton Sousa Soares,Grêmio,,,,,,,,,,,,,,,,,,,,,,,,,,,,,,,,,,,,,
314,Cortez,Bruno Cortes Barbosa,Grêmio,,,,,,,,,,,,,,,,,,,,,,,,Gremio,,,,,,,,,,,,,
315,M. Henrique,Matheus Henrique de Souza,Grêmio,,,,,,,,,,,,,,,,,,,,,,,,,,,,,,,,,,,,,
316,Jean Pyerre,Jean Pyerre Casagrande Silveira Correa,Grêmio,,,,,,,,,,,,,,,,,,,,,,,,,,,,,,,,,,,,,
317,Alisson,Alisson Euler de Freitas Castro,Grêmio,,,,,,,,,,,,,,,,,,,,,,,,Gremio,,,,,,,,,,,,,
318,Andre,Andre Felipe Ribeiro de Souza,Grêmio,,,,,,,,,,,,,,,,,,,,,,,,Gremio,,,,,,,,,,,,,
319,Luan,Luan Guilherme de Jesus Vieira,,,,,,,,,,,,,,,,,,,,,,,,,Gremio,,,,,,,,,,,,,
320,Pepe,Eduardo Gabriel Aquino Cossa,,,,,,,,,,,,,,,,,,,,,,,,,Gremio,,,,,,,,,,,,,
321,David Braz,David Braz de Oliveira Filho,,,,,,,,,,,,,,,,,,,,,,,,,Gremio,,,,,,,,,,,,,
322,Galhardo,Rafael Galhardo de Souza,,,,,,,,,,,,,,,,,,,,,,,,,Gremio,,,,,,,,,,,,,
323,Vanderlei,Vanderlei Farias da Silva,Santos,,,,,,,,,,,,,,,,,,,,,,,,,,,,,,,,,,,,,
324,Felipe Aguilar,Felipe Aguilar Mendoza,Santos,,,,,,,,,,,,,,,,,,,,,,,,,,,,,,,,,,,,,
325,Sousa,Jean Mota Oliveira de Sousa,Santos,,,,,,,,,,,,,,,,,,,,,,,,,,,,,,,,,,,,,
326,Douglas Friedrich,Douglas Alan Schuck Friedrich,,,,,,,,,,,,,Bahia,,,,,,,,,,,,,,,,,,,,,,,,,
327,Moises,Moises Roberto Barbosa,Bahia,,,,,,,,,,,,Bahia,,,,,,,,,,,,,,,,,,,,,,,,,
328,Nino Paraiba,Severino do Ramo Clementino da Silva,Bahia,,,,,,,,,,,,Bahia,,,,,,,,,,,,,,,,,,,,,,,,,
329,Gregore,Gregore de Magalhães da Silva,Bahia,,,,,,,,,,,,Bahia,,,,,,,,,,,,,,,,,,,,,,,,,
330,Gilberto,Gilberto Oliveira Souza Júnior,,,,,,,,,,,,,Bahia,,,,,,,,,,,,,,,,,,,,,,,,,
331,Lucas Fonseca,Lucas Silva Fonseca,Bahia,,,,,,,,,,,,Bahia,,,,,,,,,,,,,,,,,,,,,,,,,
332,Artur,Artur Victor Guimaraes,Bahia,,,,,,,,,,,,Bahia,,,,,,,,,,,,,,,,,,,,,,,,,
333,Lucca,Lucca Borges de Brito,,,,,,,,,,,,,Bahia,,,,,,,,,,,,,,,,,,,,,,,,,
334,Flavio,Flavio Medeiros da Silva,,,,,,,,,,,,,Bahia,,,,,,,,,,,,,,,,,,,,,,,,,
335,Juninho,José Carlos Ferreira Júnior,,,,,,,,,,,,,Bahia,,,,,,,,,,,,,,,,,,,,,,,,,
336,Giovanni Palmieri,Giovanni Palmieri dos Santos,,,,,,,,,,,,,Bahia,,,,,,,,,,,,,,,,,,,,,,,,,
337,Filipe Luís,Filipe Luis Kasmirski,,,,,,,,,,,,,Flamengo,,,,,,,,,,,,,,,,,,,,,,,,,
338,Piris,Robert Ayrton Piris da Motta Mendoza,,,,,,,,,,,,,Flamengo,,,,,,,,,,,,,,,,,,,,,,,,,
339,Thuler,Matheus Soares Thuler,,,,,,,,,,,,,Flamengo,,,,,,,,,,,,,,,,,,,,,,,,,
340,Auremir,Auremir Evangelista dos Santos,Ceara,,,,,,,,,,,,,,,,,,,,,,,,,,,,,,,,,,,,,
341,Tiago,Tiago dos Santos Alves,Ceara,,,,,,,,,,,,,,,,,,,,,,,,,,,,,,,,,,,,,
342,Carleto,Thiago Carletti Alves,Ceara,,,,,,,,,,,,,,,,,,,,,,,,,,,,,,,,,,,,,
343,Ricardo Bueno,Ricardo Bueno da Silva,Ceara,,,,,,,,,,,,,,,,,,,,,,,,,,,,,,,,,,,,,
344,Chico,Francisco Hyun Sol Kim,Ceara,,,,,,,,,,,,,,,,,,,,,,,,,,,,,,,,,,,,,
345,Joao Carlos,Joao Carlos Heidemann,Ceara,,,,,,,,,,,,,,,,,,,,,,,,,,,,,,,,,,,,,
346,Apodi,Luiz Diallisson de Souza Alves,Ceara,,,,,,,,,,,,,,,,,,,,,,,,,,,,,,,,,,,,,
347,Fran Dawhan,Fran Urano da Purificação Oliveira,Ceara,,,,,,,,,,,,,,,,,,,,,,,,,,,,,,,,,,,,,
348,Matheus Savio,Matheus Gonçalves Savio,Ceara,,,,,,,,,,,,,,,,,,,,,,,,,,,,,,,,,,,,,
349,Robinho,Robson Azevedo da Silva,Ceara,,,,,,,,,,,,,,,,,,,,,,,,,,,,,,,,,,,,,
350,Gerson,Gerson Guimaraes Junior,Ceara,,,,,,,,,,,,,,,,,,,,,,,,,,,,,,,,,,,,,
351,Didira,Cicero dos Santos,Ceara,,,,,,,,,,,,,,,,,,,,,,,,,,,,,,,,,,,,,
352,Bruno Ramires,Bruno Edgar Silva Almeida,Ceara,,,,,,,,,,,,,,,,,,,,,,,,,,,,,,,,,,,,,
353,Patrick,Patrick Fabiano Alves,Ceara,,,,,,,,,,,,,,,,,,,,,,,,,,,,,,,,,,,,,
354,Jean,Jean Lucas de Souza Oliveira,Santos,,,,,,,,,,,,,,,,,,,,,,,,,,,,,,,,,,,,,
355,Anderson,Anderson Pedro da Silva Nunes Campos,Bahia,,,,,,,,,,,,,,,,,,,,,,,,,,,,,,,,,,,,,
356,Ramires,Eric dos Santos Rodrigues,Bahia,,,,,,,,,,,,,,,,,,,,,,,,,,,,,,,,,,,,,
357,Ernando,Ernando Rodrigues Lopes,Bahia,,,,,,,,,,,,,,,,,,,,,,,,,,,,,,,,,,,,,
358,Elton,Elton Junior Melo Ataide,Bahia,,,,,,,,,,,,,,,,,,,,,,,,,,,,,,,,,,,,,
359,Fernandao,José Fernando Viana de Santana,Bahia,,,,,,,,,,,,,,,,,,,,,,,,,,,,,,,,,,,,,
360,Arthur,Arthur Caíke do Nascimento Cruz,Bahia,,,,,,,,,,,,,,,,,,,,,,,,,,,,,,,,,,,,,
361,Ramiro,Ramiro Moschen Benetti,Corinthians,,,,,,,,,,,,,,,,,,,,,,,,,,,,,,,,,,,,,
362,Pedro,Pedro Henrique Ribeiro Gonçalves,Corinthians,,,,,,,,,,,,,,,,,,,,,,,,,,,,,,,,,,,,,
363,Santos,Aderbar Melo dos Santos Neto,Athletico Paranaense,,,,,,,,,,,,,,,,,,,,,,,,,,,,,,,,,,,,,
364,Jonathan,Jonathan Cicero Moreira,Athletico Paranaense,,,,,,,,,,,,,,,,,,,,,,,,,,,,,,,,,,,,,
365,Roni,Ronielson da Silva Barbosa,Athletico Paranaense,,,,,,,,,,,,,,,,,,,,,,,,,,,,,,,,,,,,,
366,Tomas Andrade,Tomas Gustavo Andrade,Athletico Paranaense,,,,,,,,,,,,,,,,,,,,,,,,,,,,,,,,,,,,,
367,Marco Ruben,Marco Gaston Ruben,Athletico Paranaense,,,,,,,,,,,,,,,,,,,,,,,,,,,,,,,,,,,,,
368,Nikao,Maycon Vinícius Ferreira da Cruz,Athletico Paranaense,,,,,,,,,,,,,,,,,,,,,,,,,,,,,,,,,,,,,
369,Renan Augusto,Renan Augusto Lodi dos Santos,Athletico Paranaense,,,,,,,,,,,,,,,,,,,,,,,,,,,,,,,,,,,,,
370,Camacho,Guilherme de Aguiar Camacho,Athletico Paranaense,,,,,,,,,,,,,,,,,,,,,,,,,,,,,,,,,,,,,
371,Bruno Guimaraes,Bruno Guimarães Rodriguez Moura,Athletico Paranaense,,,,,,,,,,,,,,,,,,,,,,,,,,,,,,,,,,,,,
372,Alexander Lucena,Alexander Silva de Lucena,Vasco,,,,,,,,,,,,,,,,,,,,,,,,,,,,,,,,,,,,,
373,Raul Caceres,Raúl Alejandro Cáceres Bogado,Vasco,,,,,,,,,,,,,,,,,,,,,,,,,,,,,,,,,,,,,
374,Maxi Lopez,Maximiliano Gaston Lopez,Vasco,,,,,,,,,,,,,,,,,,,,,,,,,,,,,,,,,,,,,
375,Danilo,Danilo Carvalho Barcelos,Vasco,,,,,,,,,,,,,,,,,,,,,,,,,,,,,,,,,,,,,
376,Lucas,Lucas da Silva Izidoro,Vasco,,,,,,,,,,,,,,,,,,,,,,,,,,,,,,,,,,,,,
377,Raul,Raul Lo Goncalves,Vasco,,,,,,,,,,,,,,,,,,,,,,,,,,,,,,,,,,,,,
378,Werley,Werley Ananias da Silva,Vasco,,,,,,,,,,,,,,,,,,,,,,,,,,,,,,,,,,,,,
379,Matheus Miranda,Matheus dos Santos Miranda,Vasco,,,,,,,,,,,,,,,,,,,,,,,,,,,,,,,,,,,,,
380,Ricardo,Ricardo Queiroz de Alencastro Graça,Vasco,,,,,,,,,,,,,,,,,,,,,,,,,,,,,,,,,,,,,
381,Weverton,Weverton Pereira da Silva,Palmeiras,,,,,,,,,,,,,,,,,,,,,,,,,,,,,,,,,,,,,
382,Dudu,Eduardo Pereira Rodrigues,Palmeiras,,,,,,,,,,,,,,,,,,,,,,,,,,,,,,,,,,,,,
383,Ricardo Golart,Ricardo Goulart Pereira,Palmeiras,,,,,,,,,,,,,,,,,,,,,,,,,,,,,,,,,,,,,
384,Gustavo Gomez,Gustavo Raul Gomez Portillo,Palmeiras,,,,,,,,,,,,,,,,,,,,,,,,,,,,,,,,,,,,,
385,Felipe Melo,Felipe Melo de Carvalho,Palmeiras,,,,,,,,,,,,,,,,,,,,,,,,,,,,,,,,,,,,,
386,Paulo Roberto,Paulo Roberto da Silva,Fortaleza,,,,,,,,,,,,,,,,,,,,,,,,,,,,,,,,,,,,,
387,Edinho,Francisco Edson Moreira da Silva,Fortaleza,,,,,,,,,,,,,,,,,,,,,,,,Fortaleza,,,,,,,,,,,,,
388,Luiz Antonio,Ferreira Rodrigues,Fortaleza,,,,,,,,,,,,,,,,,,,,,,,,,,,,,,,,,,,,,
389,Junior,José Antonio dos Santos Júnior,Fortaleza,,,,,,,,,,,,,,,,,,,,,,,,,,,,,,,,,,,,,
390,Léo,Leonardo Moreira Morais,,,,,,,,,,,,,Avai,,,,,,,,,,,,,,,,,,,,,,,,,
391,Gustavo Ferrareis,Gustavo Henrique Ferrareis,,,,,,,,,,,,,Avai,,,,,,,,,,,,,,,,,,,,,,,,,
392,Rodolfo,Rodolfo Alves de Melo,Fluminense,,,,,,,,,,,,,,,,,,,,,,,,,,,,,,,,,,,,,
393,Matheus Ferraz,Matheus Ferraz Pereira,Fluminense,,,,,,,,,,,,,,,,,,,,,,,,,,,,,,,,,,,,,
394,Bruno Silva,Bruno Cesar Pereira Silva,Fluminense,,,,,,,,,,,,,,,,,,,,,,,,,,,,,,,,,,,,,
395,Luciano,Luciano da Rocha Neves,Fluminense,,,,,,,,,,,,,,,,,,,,,,,,,,,,,,,,,,,,,
396,Everaldo,Everaldo Silva do Nascimento,Fluminense,,,,,,,,,,,,,,,,,,,,,,,,,,,,,,,,,,,,,
397,David Duarte,David de Duarte Macedo,Goias,,,,,,,,,,,,,,,,,,,,,,,,,,,,,,,,,,,,,
398,Giovanni Augusto,Giovanni Augusto Oliveira Cardoso,Goias,,,,,,,,,,,,,,,,,,,,,,,,,,,,,,,,,,,,,
399,Bruno Savio,Bruno Savio da Silva,,,,,,,,,,,,,Avai,,,,,,,,,,,,,,,,,,,,,,,,,
400,Diego Souza,Diego de Souza Andrade,,,,,,,,,,,,,Botafogo,,,,,,,,,,,,,,,,,,,,,,,,,
401,Alex,Alex Paulo Menezes Santana,,,,,,,,,,,,,Botafogo,,,,,,,,,,,,,,,,,,,,,,,,,
402,Marcelo,Marcelo da Conceição Benevenuto Malaquias,,,,,,,,,,,,,Botafogo,,,,,,,,,,,,,,,,,,,,,,,,,
403,Marcinho,Márcio Almeida de Oliveira,,,,,,,,,,,,,Botafogo,,,,,,,,,,,,,,,,,,,,,,,,,
